date,time,temp,ptemp
1/1/22,0:00:00,12,25
1/1/22,1:00:00,11,28
1/1/22,2:00:00,10,28
1/1/22,3:00:00,9,29
1/1/22,4:00:00,11,24
1/1/22,5:00:00,10,27
1/1/22,6:00:00,9,30
1/1/22,7:00:00,9,29
1/1/22,8:00:00,9,29
1/1/22,9:00:00,14,25
1/1/22,10:00:00,15,20
1/1/22,11:00:00,16,19
1/1/22,12:00:00,17,20
1/1/22,13:00:00,18,19
1/1/22,14:00:00,19,19
1/1/22,15:00:00,20,21
1/1/22,16:00:00,19,19
1/1/22,17:00:00,19,21
1/1/22,18:00:00,16,19
1/1/22,19:00:00,14,23
1/1/22,20:00:00,13,25
1/1/22,21:00:00,12,27
1/1/22,22:00:00,12,27
1/1/22,23:00:00,11,26
2/1/22,0:00:00,12,23
2/1/22,1:00:00,11,27
2/1/22,2:00:00,10,29
2/1/22,3:00:00,9,29
2/1/22,4:00:00,11,25
2/1/22,5:00:00,10,25
2/1/22,6:00:00,9,28
2/1/22,7:00:00,9,27
2/1/22,8:00:00,9,28
2/1/22,9:00:00,14,23
2/1/22,10:00:00,15,20
2/1/22,11:00:00,16,22
2/1/22,12:00:00,17,22
2/1/22,13:00:00,18,21
2/1/22,14:00:00,19,21
2/1/22,15:00:00,20,19
2/1/22,16:00:00,19,19
2/1/22,17:00:00,19,19
2/1/22,18:00:00,16,22
2/1/22,19:00:00,14,22
2/1/22,20:00:00,13,22
2/1/22,21:00:00,12,23
2/1/22,22:00:00,12,26
2/1/22,23:00:00,11,25
3/1/22,0:00:00,12,27
3/1/22,1:00:00,11,26
3/1/22,2:00:00,10,26
3/1/22,3:00:00,9,29
3/1/22,4:00:00,11,27
3/1/22,5:00:00,10,29
3/1/22,6:00:00,9,29
3/1/22,7:00:00,9,26
3/1/22,8:00:00,9,30
3/1/22,9:00:00,14,22
3/1/22,10:00:00,15,20
3/1/22,11:00:00,16,22
3/1/22,12:00:00,17,20
3/1/22,13:00:00,18,18
3/1/22,14:00:00,19,21
3/1/22,15:00:00,20,22
3/1/22,16:00:00,19,18
3/1/22,17:00:00,19,20
3/1/22,18:00:00,16,21
3/1/22,19:00:00,14,24
3/1/22,20:00:00,13,25
3/1/22,21:00:00,12,26
3/1/22,22:00:00,12,26
3/1/22,23:00:00,11,25
4/1/22,0:00:00,12,23
4/1/22,1:00:00,11,27
4/1/22,2:00:00,10,25
4/1/22,3:00:00,9,30
4/1/22,4:00:00,11,27
4/1/22,5:00:00,10,26
4/1/22,6:00:00,9,26
4/1/22,7:00:00,9,30
4/1/22,8:00:00,9,26
4/1/22,9:00:00,14,25
4/1/22,10:00:00,15,24
4/1/22,11:00:00,16,20
4/1/22,12:00:00,17,20
4/1/22,13:00:00,18,17
4/1/22,14:00:00,19,17
4/1/22,15:00:00,20,22
4/1/22,16:00:00,19,18
4/1/22,17:00:00,19,20
4/1/22,18:00:00,16,22
4/1/22,19:00:00,14,24
4/1/22,20:00:00,13,22
4/1/22,21:00:00,12,25
4/1/22,22:00:00,12,25
4/1/22,23:00:00,11,25
5/1/22,0:00:00,12,24
5/1/22,1:00:00,11,26
5/1/22,2:00:00,10,28
5/1/22,3:00:00,9,30
5/1/22,4:00:00,11,25
5/1/22,5:00:00,10,27
5/1/22,6:00:00,9,27
5/1/22,7:00:00,9,29
5/1/22,8:00:00,9,28
5/1/22,9:00:00,14,24
5/1/22,10:00:00,15,22
5/1/22,11:00:00,16,21
5/1/22,12:00:00,17,22
5/1/22,13:00:00,18,21
5/1/22,14:00:00,19,21
5/1/22,15:00:00,20,19
5/1/22,16:00:00,19,17
5/1/22,17:00:00,19,17
5/1/22,18:00:00,16,19
5/1/22,19:00:00,14,24
5/1/22,20:00:00,13,24
5/1/22,21:00:00,12,27
5/1/22,22:00:00,12,26
5/1/22,23:00:00,11,26
6/1/22,0:00:00,12,23
6/1/22,1:00:00,11,26
6/1/22,2:00:00,10,29
6/1/22,3:00:00,9,29
6/1/22,4:00:00,11,24
6/1/22,5:00:00,10,28
6/1/22,6:00:00,9,29
6/1/22,7:00:00,9,26
6/1/22,8:00:00,9,27
6/1/22,9:00:00,14,23
6/1/22,10:00:00,15,22
6/1/22,11:00:00,16,19
6/1/22,12:00:00,17,20
6/1/22,13:00:00,18,19
6/1/22,14:00:00,19,19
6/1/22,15:00:00,20,19
6/1/22,16:00:00,19,17
6/1/22,17:00:00,19,19
6/1/22,18:00:00,16,20
6/1/22,19:00:00,14,22
6/1/22,20:00:00,13,22
6/1/22,21:00:00,12,24
6/1/22,22:00:00,12,26
6/1/22,23:00:00,11,26
7/1/22,0:00:00,12,24
7/1/22,1:00:00,11,24
7/1/22,2:00:00,10,25
7/1/22,3:00:00,9,30
7/1/22,4:00:00,11,24
7/1/22,5:00:00,10,26
7/1/22,6:00:00,9,28
7/1/22,7:00:00,9,29
7/1/22,8:00:00,9,26
7/1/22,9:00:00,14,25
7/1/22,10:00:00,15,24
7/1/22,11:00:00,16,22
7/1/22,12:00:00,17,22
7/1/22,13:00:00,18,17
7/1/22,14:00:00,19,17
7/1/22,15:00:00,20,19
7/1/22,16:00:00,19,20
7/1/22,17:00:00,19,18
7/1/22,18:00:00,16,22
7/1/22,19:00:00,14,21
7/1/22,20:00:00,13,25
7/1/22,21:00:00,12,27
7/1/22,22:00:00,12,23
7/1/22,23:00:00,11,28
8/1/22,0:00:00,12,24
8/1/22,1:00:00,11,28
8/1/22,2:00:00,10,26
8/1/22,3:00:00,9,30
8/1/22,4:00:00,11,27
8/1/22,5:00:00,10,28
8/1/22,6:00:00,9,30
8/1/22,7:00:00,9,26
8/1/22,8:00:00,9,26
8/1/22,9:00:00,14,25
8/1/22,10:00:00,15,23
8/1/22,11:00:00,16,21
8/1/22,12:00:00,17,18
8/1/22,13:00:00,18,19
8/1/22,14:00:00,19,19
8/1/22,15:00:00,20,22
8/1/22,16:00:00,19,19
8/1/22,17:00:00,19,17
8/1/22,18:00:00,16,20
8/1/22,19:00:00,14,21
8/1/22,20:00:00,13,25
8/1/22,21:00:00,12,23
8/1/22,22:00:00,12,27
8/1/22,23:00:00,11,27
9/1/22,0:00:00,12,23
9/1/22,1:00:00,11,24
9/1/22,2:00:00,10,25
9/1/22,3:00:00,9,30
9/1/22,4:00:00,11,26
9/1/22,5:00:00,10,26
9/1/22,6:00:00,9,30
9/1/22,7:00:00,9,28
9/1/22,8:00:00,9,30
9/1/22,9:00:00,14,21
9/1/22,10:00:00,15,23
9/1/22,11:00:00,16,20
9/1/22,12:00:00,17,20
9/1/22,13:00:00,18,17
9/1/22,14:00:00,19,18
9/1/22,15:00:00,20,21
9/1/22,16:00:00,19,21
9/1/22,17:00:00,19,19
9/1/22,18:00:00,16,22
9/1/22,19:00:00,14,23
9/1/22,20:00:00,13,22
9/1/22,21:00:00,12,23
9/1/22,22:00:00,12,25
9/1/22,23:00:00,11,25
10/1/22,0:00:00,12,26
10/1/22,1:00:00,11,26
10/1/22,2:00:00,10,26
10/1/22,3:00:00,9,26
10/1/22,4:00:00,11,24
10/1/22,5:00:00,10,28
10/1/22,6:00:00,9,26
10/1/22,7:00:00,9,27
10/1/22,8:00:00,9,28
10/1/22,9:00:00,14,25
10/1/22,10:00:00,15,24
10/1/22,11:00:00,16,20
10/1/22,12:00:00,17,19
10/1/22,13:00:00,18,18
10/1/22,14:00:00,19,19
10/1/22,15:00:00,20,18
10/1/22,16:00:00,19,21
10/1/22,17:00:00,19,21
10/1/22,18:00:00,16,19
10/1/22,19:00:00,14,25
10/1/22,20:00:00,13,24
10/1/22,21:00:00,12,23
10/1/22,22:00:00,12,26
10/1/22,23:00:00,11,28
11/1/22,0:00:00,12,23
11/1/22,1:00:00,11,24
11/1/22,2:00:00,10,25
11/1/22,3:00:00,9,27
11/1/22,4:00:00,11,27
11/1/22,5:00:00,10,27
11/1/22,6:00:00,9,27
11/1/22,7:00:00,9,29
11/1/22,8:00:00,9,30
11/1/22,9:00:00,14,22
11/1/22,10:00:00,15,24
11/1/22,11:00:00,16,22
11/1/22,12:00:00,17,21
11/1/22,13:00:00,18,19
11/1/22,14:00:00,19,18
11/1/22,15:00:00,20,22
11/1/22,16:00:00,19,20
11/1/22,17:00:00,19,18
11/1/22,18:00:00,16,20
11/1/22,19:00:00,14,25
11/1/22,20:00:00,13,26
11/1/22,21:00:00,12,23
11/1/22,22:00:00,12,27
11/1/22,23:00:00,11,24
12/1/22,0:00:00,12,27
12/1/22,1:00:00,11,27
12/1/22,2:00:00,10,29
12/1/22,3:00:00,9,26
12/1/22,4:00:00,11,26
12/1/22,5:00:00,10,25
12/1/22,6:00:00,9,28
12/1/22,7:00:00,9,26
12/1/22,8:00:00,9,26
12/1/22,9:00:00,14,22
12/1/22,10:00:00,15,24
12/1/22,11:00:00,16,21
12/1/22,12:00:00,17,21
12/1/22,13:00:00,18,21
12/1/22,14:00:00,19,17
12/1/22,15:00:00,20,18
12/1/22,16:00:00,19,18
12/1/22,17:00:00,19,19
12/1/22,18:00:00,16,23
12/1/22,19:00:00,14,23
12/1/22,20:00:00,13,26
12/1/22,21:00:00,12,24
12/1/22,22:00:00,12,26
12/1/22,23:00:00,11,24
13/1/2022,0:00:00,12,26
13/1/2022,1:00:00,11,28
13/1/2022,2:00:00,10,29
13/1/2022,3:00:00,9,30
13/1/2022,4:00:00,11,27
13/1/2022,5:00:00,10,28
13/1/2022,6:00:00,9,28
13/1/2022,7:00:00,9,28
13/1/2022,8:00:00,9,29
13/1/2022,9:00:00,14,23
13/1/2022,10:00:00,15,20
13/1/2022,11:00:00,16,20
13/1/2022,12:00:00,17,21
13/1/2022,13:00:00,18,21
13/1/2022,14:00:00,19,17
13/1/2022,15:00:00,20,19
13/1/2022,16:00:00,19,17
13/1/2022,17:00:00,19,21
13/1/2022,18:00:00,16,19
13/1/2022,19:00:00,14,21
13/1/2022,20:00:00,13,23
13/1/2022,21:00:00,12,26
13/1/2022,22:00:00,12,23
13/1/2022,23:00:00,11,27
14/1/2022,0:00:00,12,25
14/1/2022,1:00:00,11,25
14/1/2022,2:00:00,10,28
14/1/2022,3:00:00,9,27
14/1/2022,4:00:00,11,26
14/1/2022,5:00:00,10,26
14/1/2022,6:00:00,9,29
14/1/2022,7:00:00,9,30
14/1/2022,8:00:00,9,30
14/1/2022,9:00:00,14,23
14/1/2022,10:00:00,15,23
14/1/2022,11:00:00,16,20
14/1/2022,12:00:00,17,18
14/1/2022,13:00:00,18,19
14/1/2022,14:00:00,19,20
14/1/2022,15:00:00,20,20
14/1/2022,16:00:00,19,18
14/1/2022,17:00:00,19,20
14/1/2022,18:00:00,16,23
14/1/2022,19:00:00,14,24
14/1/2022,20:00:00,13,24
14/1/2022,21:00:00,12,27
14/1/2022,22:00:00,12,26
14/1/2022,23:00:00,11,24
15/1/2022,0:00:00,12,27
15/1/2022,1:00:00,11,24
15/1/2022,2:00:00,10,25
15/1/2022,3:00:00,9,28
15/1/2022,4:00:00,11,24
15/1/2022,5:00:00,10,25
15/1/2022,6:00:00,9,26
15/1/2022,7:00:00,9,27
15/1/2022,8:00:00,9,28
15/1/2022,9:00:00,14,24
15/1/2022,10:00:00,15,20
15/1/2022,11:00:00,16,20
15/1/2022,12:00:00,17,18
15/1/2022,13:00:00,18,19
15/1/2022,14:00:00,19,20
15/1/2022,15:00:00,20,22
15/1/2022,16:00:00,19,20
15/1/2022,17:00:00,19,17
15/1/2022,18:00:00,16,23
15/1/2022,19:00:00,14,24
15/1/2022,20:00:00,13,24
15/1/2022,21:00:00,12,23
15/1/2022,22:00:00,12,27
15/1/2022,23:00:00,11,24
16/1/2022,0:00:00,12,26
16/1/2022,1:00:00,11,26
16/1/2022,2:00:00,10,27
16/1/2022,3:00:00,9,29
16/1/2022,4:00:00,11,28
16/1/2022,5:00:00,10,27
16/1/2022,6:00:00,9,28
16/1/2022,7:00:00,9,30
16/1/2022,8:00:00,9,26
16/1/2022,9:00:00,14,24
16/1/2022,10:00:00,15,23
16/1/2022,11:00:00,16,22
16/1/2022,12:00:00,17,21
16/1/2022,13:00:00,18,17
16/1/2022,14:00:00,19,20
16/1/2022,15:00:00,20,22
16/1/2022,16:00:00,19,18
16/1/2022,17:00:00,19,17
16/1/2022,18:00:00,16,23
16/1/2022,19:00:00,14,23
16/1/2022,20:00:00,13,25
16/1/2022,21:00:00,12,26
16/1/2022,22:00:00,12,25
16/1/2022,23:00:00,11,24
17/1/2022,0:00:00,12,23
17/1/2022,1:00:00,11,25
17/1/2022,2:00:00,10,25
17/1/2022,3:00:00,9,29
17/1/2022,4:00:00,11,24
17/1/2022,5:00:00,10,25
17/1/2022,6:00:00,9,29
17/1/2022,7:00:00,9,29
17/1/2022,8:00:00,9,29
17/1/2022,9:00:00,14,22
17/1/2022,10:00:00,15,20
17/1/2022,11:00:00,16,23
17/1/2022,12:00:00,17,18
17/1/2022,13:00:00,18,21
17/1/2022,14:00:00,19,19
17/1/2022,15:00:00,20,22
17/1/2022,16:00:00,19,21
17/1/2022,17:00:00,19,19
17/1/2022,18:00:00,16,23
17/1/2022,19:00:00,14,22
17/1/2022,20:00:00,13,22
17/1/2022,21:00:00,12,27
17/1/2022,22:00:00,12,26
17/1/2022,23:00:00,11,24
18/1/2022,0:00:00,12,23
18/1/2022,1:00:00,11,27
18/1/2022,2:00:00,10,25
18/1/2022,3:00:00,9,27
18/1/2022,4:00:00,11,28
18/1/2022,5:00:00,10,28
18/1/2022,6:00:00,9,27
18/1/2022,7:00:00,9,30
18/1/2022,8:00:00,9,26
18/1/2022,9:00:00,14,22
18/1/2022,10:00:00,15,21
18/1/2022,11:00:00,16,23
18/1/2022,12:00:00,17,22
18/1/2022,13:00:00,18,20
18/1/2022,14:00:00,19,18
18/1/2022,15:00:00,20,19
18/1/2022,16:00:00,19,21
18/1/2022,17:00:00,19,17
18/1/2022,18:00:00,16,22
18/1/2022,19:00:00,14,22
18/1/2022,20:00:00,13,22
18/1/2022,21:00:00,12,26
18/1/2022,22:00:00,12,24
18/1/2022,23:00:00,11,25
19/1/2022,0:00:00,12,23
19/1/2022,1:00:00,11,24
19/1/2022,2:00:00,10,28
19/1/2022,3:00:00,9,30
19/1/2022,4:00:00,11,28
19/1/2022,5:00:00,10,28
19/1/2022,6:00:00,9,26
19/1/2022,7:00:00,9,26
19/1/2022,8:00:00,9,28
19/1/2022,9:00:00,14,24
19/1/2022,10:00:00,15,23
19/1/2022,11:00:00,16,21
19/1/2022,12:00:00,17,21
19/1/2022,13:00:00,18,17
19/1/2022,14:00:00,19,21
19/1/2022,15:00:00,20,18
19/1/2022,16:00:00,19,19
19/1/2022,17:00:00,19,18
19/1/2022,18:00:00,16,19
19/1/2022,19:00:00,14,22
19/1/2022,20:00:00,13,22
19/1/2022,21:00:00,12,26
19/1/2022,22:00:00,12,26
19/1/2022,23:00:00,11,24
20/1/2022,0:00:00,12,23
20/1/2022,1:00:00,11,26
20/1/2022,2:00:00,10,28
20/1/2022,3:00:00,9,28
20/1/2022,4:00:00,11,26
20/1/2022,5:00:00,10,26
20/1/2022,6:00:00,9,26
20/1/2022,7:00:00,9,26
20/1/2022,8:00:00,9,30
20/1/2022,9:00:00,14,23
20/1/2022,10:00:00,15,21
20/1/2022,11:00:00,16,21
20/1/2022,12:00:00,17,22
20/1/2022,13:00:00,18,17
20/1/2022,14:00:00,19,18
20/1/2022,15:00:00,20,20
20/1/2022,16:00:00,19,20
20/1/2022,17:00:00,19,19
20/1/2022,18:00:00,16,19
20/1/2022,19:00:00,14,25
20/1/2022,20:00:00,13,22
20/1/2022,21:00:00,12,26
20/1/2022,22:00:00,12,23
20/1/2022,23:00:00,11,25
21/1/2022,0:00:00,12,27
21/1/2022,1:00:00,11,28
21/1/2022,2:00:00,10,25
21/1/2022,3:00:00,9,30
21/1/2022,4:00:00,11,27
21/1/2022,5:00:00,10,29
21/1/2022,6:00:00,9,27
21/1/2022,7:00:00,9,27
21/1/2022,8:00:00,9,30
21/1/2022,9:00:00,14,21
21/1/2022,10:00:00,15,23
21/1/2022,11:00:00,16,21
21/1/2022,12:00:00,17,18
21/1/2022,13:00:00,18,18
21/1/2022,14:00:00,19,17
21/1/2022,15:00:00,20,20
21/1/2022,16:00:00,19,19
21/1/2022,17:00:00,19,21
21/1/2022,18:00:00,16,22
21/1/2022,19:00:00,14,22
21/1/2022,20:00:00,13,23
21/1/2022,21:00:00,12,24
21/1/2022,22:00:00,12,24
21/1/2022,23:00:00,11,25
22/1/2022,0:00:00,12,26
22/1/2022,1:00:00,11,25
22/1/2022,2:00:00,10,26
22/1/2022,3:00:00,9,26
22/1/2022,4:00:00,11,24
22/1/2022,5:00:00,10,25
22/1/2022,6:00:00,9,29
22/1/2022,7:00:00,9,29
22/1/2022,8:00:00,9,28
22/1/2022,9:00:00,14,21
22/1/2022,10:00:00,15,21
22/1/2022,11:00:00,16,22
22/1/2022,12:00:00,17,22
22/1/2022,13:00:00,18,20
22/1/2022,14:00:00,19,19
22/1/2022,15:00:00,20,20
22/1/2022,16:00:00,19,17
22/1/2022,17:00:00,19,18
22/1/2022,18:00:00,16,21
22/1/2022,19:00:00,14,22
22/1/2022,20:00:00,13,23
22/1/2022,21:00:00,12,23
22/1/2022,22:00:00,12,27
22/1/2022,23:00:00,11,25
23/1/2022,0:00:00,12,25
23/1/2022,1:00:00,11,25
23/1/2022,2:00:00,10,28
23/1/2022,3:00:00,9,30
23/1/2022,4:00:00,11,27
23/1/2022,5:00:00,10,26
23/1/2022,6:00:00,9,27
23/1/2022,7:00:00,9,26
23/1/2022,8:00:00,9,26
23/1/2022,9:00:00,14,22
23/1/2022,10:00:00,15,20
23/1/2022,11:00:00,16,22
23/1/2022,12:00:00,17,19
23/1/2022,13:00:00,18,17
23/1/2022,14:00:00,19,18
23/1/2022,15:00:00,20,22
23/1/2022,16:00:00,19,17
23/1/2022,17:00:00,19,19
23/1/2022,18:00:00,16,20
23/1/2022,19:00:00,14,24
23/1/2022,20:00:00,13,22
23/1/2022,21:00:00,12,27
23/1/2022,22:00:00,12,25
23/1/2022,23:00:00,11,28
24/1/2022,0:00:00,12,24
24/1/2022,1:00:00,11,25
24/1/2022,2:00:00,10,26
24/1/2022,3:00:00,9,27
24/1/2022,4:00:00,11,26
24/1/2022,5:00:00,10,25
24/1/2022,6:00:00,9,30
24/1/2022,7:00:00,9,27
24/1/2022,8:00:00,9,26
24/1/2022,9:00:00,14,24
24/1/2022,10:00:00,15,21
24/1/2022,11:00:00,16,23
24/1/2022,12:00:00,17,21
24/1/2022,13:00:00,18,20
24/1/2022,14:00:00,19,21
24/1/2022,15:00:00,20,18
24/1/2022,16:00:00,19,19
24/1/2022,17:00:00,19,21
24/1/2022,18:00:00,16,22
24/1/2022,19:00:00,14,25
24/1/2022,20:00:00,13,22
24/1/2022,21:00:00,12,26
24/1/2022,22:00:00,12,26
24/1/2022,23:00:00,11,28
25/1/2022,0:00:00,12,27
25/1/2022,1:00:00,11,26
25/1/2022,2:00:00,10,25
25/1/2022,3:00:00,9,30
25/1/2022,4:00:00,11,24
25/1/2022,5:00:00,10,26
25/1/2022,6:00:00,9,26
25/1/2022,7:00:00,9,29
25/1/2022,8:00:00,9,29
25/1/2022,9:00:00,14,21
25/1/2022,10:00:00,15,21
25/1/2022,11:00:00,16,21
25/1/2022,12:00:00,17,22
25/1/2022,13:00:00,18,18
25/1/2022,14:00:00,19,19
25/1/2022,15:00:00,20,18
25/1/2022,16:00:00,19,17
25/1/2022,17:00:00,19,17
25/1/2022,18:00:00,16,19
25/1/2022,19:00:00,14,23
25/1/2022,20:00:00,13,22
25/1/2022,21:00:00,12,25
25/1/2022,22:00:00,12,25
25/1/2022,23:00:00,11,28
26/1/2022,0:00:00,12,25
26/1/2022,1:00:00,11,24
26/1/2022,2:00:00,10,28
26/1/2022,3:00:00,9,30
26/1/2022,4:00:00,11,28
26/1/2022,5:00:00,10,29
26/1/2022,6:00:00,9,30
26/1/2022,7:00:00,9,27
26/1/2022,8:00:00,9,26
26/1/2022,9:00:00,14,25
26/1/2022,10:00:00,15,23
26/1/2022,11:00:00,16,22
26/1/2022,12:00:00,17,18
26/1/2022,13:00:00,18,21
26/1/2022,14:00:00,19,17
26/1/2022,15:00:00,20,20
26/1/2022,16:00:00,19,18
26/1/2022,17:00:00,19,20
26/1/2022,18:00:00,16,22
26/1/2022,19:00:00,14,24
26/1/2022,20:00:00,13,23
26/1/2022,21:00:00,12,24
26/1/2022,22:00:00,12,27
26/1/2022,23:00:00,11,25
27/1/2022,0:00:00,12,25
27/1/2022,1:00:00,11,27
27/1/2022,2:00:00,10,29
27/1/2022,3:00:00,9,28
27/1/2022,4:00:00,11,24
27/1/2022,5:00:00,10,25
27/1/2022,6:00:00,9,28
27/1/2022,7:00:00,9,30
27/1/2022,8:00:00,9,30
27/1/2022,9:00:00,14,25
27/1/2022,10:00:00,15,24
27/1/2022,11:00:00,16,21
27/1/2022,12:00:00,17,22
27/1/2022,13:00:00,18,17
27/1/2022,14:00:00,19,17
27/1/2022,15:00:00,20,19
27/1/2022,16:00:00,19,18
27/1/2022,17:00:00,19,17
27/1/2022,18:00:00,16,23
27/1/2022,19:00:00,14,22
27/1/2022,20:00:00,13,25
27/1/2022,21:00:00,12,26
27/1/2022,22:00:00,12,26
27/1/2022,23:00:00,11,28
28/1/2022,0:00:00,12,27
28/1/2022,1:00:00,11,27
28/1/2022,2:00:00,10,29
28/1/2022,3:00:00,9,26
28/1/2022,4:00:00,11,25
28/1/2022,5:00:00,10,27
28/1/2022,6:00:00,9,30
28/1/2022,7:00:00,9,26
28/1/2022,8:00:00,9,27
28/1/2022,9:00:00,14,25
28/1/2022,10:00:00,15,21
28/1/2022,11:00:00,16,19
28/1/2022,12:00:00,17,21
28/1/2022,13:00:00,18,19
28/1/2022,14:00:00,19,19
28/1/2022,15:00:00,20,19
28/1/2022,16:00:00,19,21
28/1/2022,17:00:00,19,19
28/1/2022,18:00:00,16,21
28/1/2022,19:00:00,14,21
28/1/2022,20:00:00,13,26
28/1/2022,21:00:00,12,23
28/1/2022,22:00:00,12,25
28/1/2022,23:00:00,11,26
29/1/2022,0:00:00,12,27
29/1/2022,1:00:00,11,26
29/1/2022,2:00:00,10,26
29/1/2022,3:00:00,9,29
29/1/2022,4:00:00,11,26
29/1/2022,5:00:00,10,29
29/1/2022,6:00:00,9,30
29/1/2022,7:00:00,9,29
29/1/2022,8:00:00,9,29
29/1/2022,9:00:00,14,23
29/1/2022,10:00:00,15,21
29/1/2022,11:00:00,16,21
29/1/2022,12:00:00,17,19
29/1/2022,13:00:00,18,18
29/1/2022,14:00:00,19,19
29/1/2022,15:00:00,20,19
29/1/2022,16:00:00,19,17
29/1/2022,17:00:00,19,17
29/1/2022,18:00:00,16,23
29/1/2022,19:00:00,14,21
29/1/2022,20:00:00,13,23
29/1/2022,21:00:00,12,25
29/1/2022,22:00:00,12,26
29/1/2022,23:00:00,11,26
30/1/2022,0:00:00,12,25
30/1/2022,1:00:00,11,28
30/1/2022,2:00:00,10,26
30/1/2022,3:00:00,9,29
30/1/2022,4:00:00,11,26
30/1/2022,5:00:00,10,26
30/1/2022,6:00:00,9,26
30/1/2022,7:00:00,9,29
30/1/2022,8:00:00,9,30
30/1/2022,9:00:00,14,25
30/1/2022,10:00:00,15,24
30/1/2022,11:00:00,16,20
30/1/2022,12:00:00,17,18
30/1/2022,13:00:00,18,18
30/1/2022,14:00:00,19,20
30/1/2022,15:00:00,20,20
30/1/2022,16:00:00,19,18
30/1/2022,17:00:00,19,21
30/1/2022,18:00:00,16,19
30/1/2022,19:00:00,14,21
30/1/2022,20:00:00,13,25
30/1/2022,21:00:00,12,27
30/1/2022,22:00:00,12,23
30/1/2022,23:00:00,11,27
31/1/2022,0:00:00,12,24
31/1/2022,1:00:00,11,25
31/1/2022,2:00:00,10,27
31/1/2022,3:00:00,9,27
31/1/2022,4:00:00,11,28
31/1/2022,5:00:00,10,26
31/1/2022,6:00:00,9,30
31/1/2022,7:00:00,9,26
31/1/2022,8:00:00,9,27
31/1/2022,9:00:00,14,22
31/1/2022,10:00:00,15,22
31/1/2022,11:00:00,16,22
31/1/2022,12:00:00,17,21
31/1/2022,13:00:00,18,19
31/1/2022,14:00:00,19,17
31/1/2022,15:00:00,20,21
31/1/2022,16:00:00,19,18
31/1/2022,17:00:00,19,21
31/1/2022,18:00:00,16,20
31/1/2022,19:00:00,14,25
31/1/2022,20:00:00,13,23
31/1/2022,21:00:00,12,27
31/1/2022,22:00:00,12,24
31/1/2022,23:00:00,11,25
1/2/22,0:00:00,15,20
1/2/22,1:00:00,15,22
1/2/22,2:00:00,16,23
1/2/22,3:00:00,16,19
1/2/22,4:00:00,15,24
1/2/22,5:00:00,14,24
1/2/22,6:00:00,14,22
1/2/22,7:00:00,13,24
1/2/22,8:00:00,13,26
1/2/22,9:00:00,19,21
1/2/22,10:00:00,22,17
1/2/22,11:00:00,24,13
1/2/22,12:00:00,25,13
1/2/22,13:00:00,26,12
1/2/22,14:00:00,26,11
1/2/22,15:00:00,26,13
1/2/22,16:00:00,27,12
1/2/22,17:00:00,26,13
1/2/22,18:00:00,25,16
1/2/22,19:00:00,23,18
1/2/22,20:00:00,20,19
1/2/22,21:00:00,19,19
1/2/22,22:00:00,18,21
1/2/22,23:00:00,16,19
2/2/22,0:00:00,15,24
2/2/22,1:00:00,15,20
2/2/22,2:00:00,16,21
2/2/22,3:00:00,16,20
2/2/22,4:00:00,15,21
2/2/22,5:00:00,14,21
2/2/22,6:00:00,14,25
2/2/22,7:00:00,13,24
2/2/22,8:00:00,13,26
2/2/22,9:00:00,19,18
2/2/22,10:00:00,22,15
2/2/22,11:00:00,24,15
2/2/22,12:00:00,25,15
2/2/22,13:00:00,26,15
2/2/22,14:00:00,26,15
2/2/22,15:00:00,26,14
2/2/22,16:00:00,27,10
2/2/22,17:00:00,26,12
2/2/22,18:00:00,25,12
2/2/22,19:00:00,23,15
2/2/22,20:00:00,20,18
2/2/22,21:00:00,19,18
2/2/22,22:00:00,18,19
2/2/22,23:00:00,16,20
3/2/22,0:00:00,15,22
3/2/22,1:00:00,15,20
3/2/22,2:00:00,16,22
3/2/22,3:00:00,16,19
3/2/22,4:00:00,15,23
3/2/22,5:00:00,14,23
3/2/22,6:00:00,14,25
3/2/22,7:00:00,13,23
3/2/22,8:00:00,13,25
3/2/22,9:00:00,19,18
3/2/22,10:00:00,22,15
3/2/22,11:00:00,24,16
3/2/22,12:00:00,25,12
3/2/22,13:00:00,26,15
3/2/22,14:00:00,26,13
3/2/22,15:00:00,26,15
3/2/22,16:00:00,27,13
3/2/22,17:00:00,26,14
3/2/22,18:00:00,25,16
3/2/22,19:00:00,23,14
3/2/22,20:00:00,20,17
3/2/22,21:00:00,19,17
3/2/22,22:00:00,18,23
3/2/22,23:00:00,16,23
4/2/22,0:00:00,15,23
4/2/22,1:00:00,15,23
4/2/22,2:00:00,16,21
4/2/22,3:00:00,16,21
4/2/22,4:00:00,15,21
4/2/22,5:00:00,14,25
4/2/22,6:00:00,14,21
4/2/22,7:00:00,13,22
4/2/22,8:00:00,13,22
4/2/22,9:00:00,19,20
4/2/22,10:00:00,22,16
4/2/22,11:00:00,24,15
4/2/22,12:00:00,25,13
4/2/22,13:00:00,26,13
4/2/22,14:00:00,26,12
4/2/22,15:00:00,26,15
4/2/22,16:00:00,27,13
4/2/22,17:00:00,26,12
4/2/22,18:00:00,25,15
4/2/22,19:00:00,23,14
4/2/22,20:00:00,20,20
4/2/22,21:00:00,19,18
4/2/22,22:00:00,18,23
4/2/22,23:00:00,16,22
5/2/22,0:00:00,15,24
5/2/22,1:00:00,15,21
5/2/22,2:00:00,16,19
5/2/22,3:00:00,16,23
5/2/22,4:00:00,15,24
5/2/22,5:00:00,14,21
5/2/22,6:00:00,14,21
5/2/22,7:00:00,13,22
5/2/22,8:00:00,13,25
5/2/22,9:00:00,19,19
5/2/22,10:00:00,22,18
5/2/22,11:00:00,24,15
5/2/22,12:00:00,25,16
5/2/22,13:00:00,26,14
5/2/22,14:00:00,26,14
5/2/22,15:00:00,26,11
5/2/22,16:00:00,27,10
5/2/22,17:00:00,26,11
5/2/22,18:00:00,25,13
5/2/22,19:00:00,23,16
5/2/22,20:00:00,20,17
5/2/22,21:00:00,19,19
5/2/22,22:00:00,18,22
5/2/22,23:00:00,16,22
6/2/22,0:00:00,15,22
6/2/22,1:00:00,15,21
6/2/22,2:00:00,16,23
6/2/22,3:00:00,16,19
6/2/22,4:00:00,15,20
6/2/22,5:00:00,14,24
6/2/22,6:00:00,14,23
6/2/22,7:00:00,13,25
6/2/22,8:00:00,13,25
6/2/22,9:00:00,19,21
6/2/22,10:00:00,22,15
6/2/22,11:00:00,24,15
6/2/22,12:00:00,25,16
6/2/22,13:00:00,26,11
6/2/22,14:00:00,26,15
6/2/22,15:00:00,26,14
6/2/22,16:00:00,27,10
6/2/22,17:00:00,26,11
6/2/22,18:00:00,25,15
6/2/22,19:00:00,23,14
6/2/22,20:00:00,20,17
6/2/22,21:00:00,19,21
6/2/22,22:00:00,18,19
6/2/22,23:00:00,16,20
7/2/22,0:00:00,15,21
7/2/22,1:00:00,15,21
7/2/22,2:00:00,16,20
7/2/22,3:00:00,16,23
7/2/22,4:00:00,15,23
7/2/22,5:00:00,14,25
7/2/22,6:00:00,14,23
7/2/22,7:00:00,13,26
7/2/22,8:00:00,13,25
7/2/22,9:00:00,19,17
7/2/22,10:00:00,22,17
7/2/22,11:00:00,24,13
7/2/22,12:00:00,25,15
7/2/22,13:00:00,26,15
7/2/22,14:00:00,26,13
7/2/22,15:00:00,26,11
7/2/22,16:00:00,27,10
7/2/22,17:00:00,26,13
7/2/22,18:00:00,25,12
7/2/22,19:00:00,23,16
7/2/22,20:00:00,20,18
7/2/22,21:00:00,19,20
7/2/22,22:00:00,18,21
7/2/22,23:00:00,16,22
8/2/22,0:00:00,15,24
8/2/22,1:00:00,15,20
8/2/22,2:00:00,16,22
8/2/22,3:00:00,16,22
8/2/22,4:00:00,15,23
8/2/22,5:00:00,14,22
8/2/22,6:00:00,14,21
8/2/22,7:00:00,13,22
8/2/22,8:00:00,13,25
8/2/22,9:00:00,19,17
8/2/22,10:00:00,22,19
8/2/22,11:00:00,24,15
8/2/22,12:00:00,25,13
8/2/22,13:00:00,26,12
8/2/22,14:00:00,26,12
8/2/22,15:00:00,26,12
8/2/22,16:00:00,27,14
8/2/22,17:00:00,26,15
8/2/22,18:00:00,25,13
8/2/22,19:00:00,23,18
8/2/22,20:00:00,20,19
8/2/22,21:00:00,19,20
8/2/22,22:00:00,18,23
8/2/22,23:00:00,16,23
9/2/22,0:00:00,15,24
9/2/22,1:00:00,15,23
9/2/22,2:00:00,16,20
9/2/22,3:00:00,16,19
9/2/22,4:00:00,15,23
9/2/22,5:00:00,14,23
9/2/22,6:00:00,14,25
9/2/22,7:00:00,13,25
9/2/22,8:00:00,13,26
9/2/22,9:00:00,19,20
9/2/22,10:00:00,22,16
9/2/22,11:00:00,24,15
9/2/22,12:00:00,25,15
9/2/22,13:00:00,26,14
9/2/22,14:00:00,26,15
9/2/22,15:00:00,26,15
9/2/22,16:00:00,27,14
9/2/22,17:00:00,26,12
9/2/22,18:00:00,25,13
9/2/22,19:00:00,23,16
9/2/22,20:00:00,20,20
9/2/22,21:00:00,19,21
9/2/22,22:00:00,18,22
9/2/22,23:00:00,16,23
10/2/22,0:00:00,15,20
10/2/22,1:00:00,15,21
10/2/22,2:00:00,16,22
10/2/22,3:00:00,16,23
10/2/22,4:00:00,15,21
10/2/22,5:00:00,14,25
10/2/22,6:00:00,14,23
10/2/22,7:00:00,13,26
10/2/22,8:00:00,13,26
10/2/22,9:00:00,19,21
10/2/22,10:00:00,22,16
10/2/22,11:00:00,24,17
10/2/22,12:00:00,25,13
10/2/22,13:00:00,26,13
10/2/22,14:00:00,26,11
10/2/22,15:00:00,26,15
10/2/22,16:00:00,27,12
10/2/22,17:00:00,26,14
10/2/22,18:00:00,25,13
10/2/22,19:00:00,23,14
10/2/22,20:00:00,20,18
10/2/22,21:00:00,19,21
10/2/22,22:00:00,18,19
10/2/22,23:00:00,16,20
11/2/22,0:00:00,15,22
11/2/22,1:00:00,15,23
11/2/22,2:00:00,16,22
11/2/22,3:00:00,16,19
11/2/22,4:00:00,15,22
11/2/22,5:00:00,14,23
11/2/22,6:00:00,14,25
11/2/22,7:00:00,13,23
11/2/22,8:00:00,13,22
11/2/22,9:00:00,19,18
11/2/22,10:00:00,22,17
11/2/22,11:00:00,24,16
11/2/22,12:00:00,25,14
11/2/22,13:00:00,26,12
11/2/22,14:00:00,26,12
11/2/22,15:00:00,26,11
11/2/22,16:00:00,27,11
11/2/22,17:00:00,26,14
11/2/22,18:00:00,25,15
11/2/22,19:00:00,23,14
11/2/22,20:00:00,20,17
11/2/22,21:00:00,19,21
11/2/22,22:00:00,18,23
11/2/22,23:00:00,16,21
12/2/22,0:00:00,15,24
12/2/22,1:00:00,15,20
12/2/22,2:00:00,16,21
12/2/22,3:00:00,16,23
12/2/22,4:00:00,15,22
12/2/22,5:00:00,14,25
12/2/22,6:00:00,14,23
12/2/22,7:00:00,13,24
12/2/22,8:00:00,13,25
12/2/22,9:00:00,19,18
12/2/22,10:00:00,22,18
12/2/22,11:00:00,24,15
12/2/22,12:00:00,25,13
12/2/22,13:00:00,26,12
12/2/22,14:00:00,26,14
12/2/22,15:00:00,26,12
12/2/22,16:00:00,27,10
12/2/22,17:00:00,26,12
12/2/22,18:00:00,25,12
12/2/22,19:00:00,23,18
12/2/22,20:00:00,20,21
12/2/22,21:00:00,19,21
12/2/22,22:00:00,18,23
12/2/22,23:00:00,16,19
13/2/2022,0:00:00,15,20
13/2/2022,1:00:00,15,21
13/2/2022,2:00:00,16,23
13/2/2022,3:00:00,16,19
13/2/2022,4:00:00,15,23
13/2/2022,5:00:00,14,24
13/2/2022,6:00:00,14,23
13/2/2022,7:00:00,13,25
13/2/2022,8:00:00,13,22
13/2/2022,9:00:00,19,19
13/2/2022,10:00:00,22,15
13/2/2022,11:00:00,24,17
13/2/2022,12:00:00,25,12
13/2/2022,13:00:00,26,14
13/2/2022,14:00:00,26,11
13/2/2022,15:00:00,26,15
13/2/2022,16:00:00,27,13
13/2/2022,17:00:00,26,15
13/2/2022,18:00:00,25,13
13/2/2022,19:00:00,23,16
13/2/2022,20:00:00,20,20
13/2/2022,21:00:00,19,21
13/2/2022,22:00:00,18,19
13/2/2022,23:00:00,16,20
14/2/2022,0:00:00,15,20
14/2/2022,1:00:00,15,23
14/2/2022,2:00:00,16,20
14/2/2022,3:00:00,16,23
14/2/2022,4:00:00,15,24
14/2/2022,5:00:00,14,21
14/2/2022,6:00:00,14,25
14/2/2022,7:00:00,13,22
14/2/2022,8:00:00,13,24
14/2/2022,9:00:00,19,20
14/2/2022,10:00:00,22,15
14/2/2022,11:00:00,24,17
14/2/2022,12:00:00,25,12
14/2/2022,13:00:00,26,12
14/2/2022,14:00:00,26,14
14/2/2022,15:00:00,26,12
14/2/2022,16:00:00,27,14
14/2/2022,17:00:00,26,11
14/2/2022,18:00:00,25,16
14/2/2022,19:00:00,23,14
14/2/2022,20:00:00,20,19
14/2/2022,21:00:00,19,21
14/2/2022,22:00:00,18,23
14/2/2022,23:00:00,16,20
15/2/2022,0:00:00,15,24
15/2/2022,1:00:00,15,20
15/2/2022,2:00:00,16,21
15/2/2022,3:00:00,16,20
15/2/2022,4:00:00,15,20
15/2/2022,5:00:00,14,25
15/2/2022,6:00:00,14,25
15/2/2022,7:00:00,13,22
15/2/2022,8:00:00,13,24
15/2/2022,9:00:00,19,17
15/2/2022,10:00:00,22,18
15/2/2022,11:00:00,24,16
15/2/2022,12:00:00,25,14
15/2/2022,13:00:00,26,12
15/2/2022,14:00:00,26,12
15/2/2022,15:00:00,26,14
15/2/2022,16:00:00,27,13
15/2/2022,17:00:00,26,13
15/2/2022,18:00:00,25,16
15/2/2022,19:00:00,23,16
15/2/2022,20:00:00,20,20
15/2/2022,21:00:00,19,21
15/2/2022,22:00:00,18,22
15/2/2022,23:00:00,16,20
16/2/2022,0:00:00,15,21
16/2/2022,1:00:00,15,21
16/2/2022,2:00:00,16,19
16/2/2022,3:00:00,16,20
16/2/2022,4:00:00,15,24
16/2/2022,5:00:00,14,24
16/2/2022,6:00:00,14,21
16/2/2022,7:00:00,13,24
16/2/2022,8:00:00,13,24
16/2/2022,9:00:00,19,18
16/2/2022,10:00:00,22,17
16/2/2022,11:00:00,24,14
16/2/2022,12:00:00,25,13
16/2/2022,13:00:00,26,13
16/2/2022,14:00:00,26,12
16/2/2022,15:00:00,26,14
16/2/2022,16:00:00,27,11
16/2/2022,17:00:00,26,11
16/2/2022,18:00:00,25,14
16/2/2022,19:00:00,23,17
16/2/2022,20:00:00,20,18
16/2/2022,21:00:00,19,20
16/2/2022,22:00:00,18,21
16/2/2022,23:00:00,16,19
17/2/2022,0:00:00,15,20
17/2/2022,1:00:00,15,23
17/2/2022,2:00:00,16,21
17/2/2022,3:00:00,16,22
17/2/2022,4:00:00,15,20
17/2/2022,5:00:00,14,25
17/2/2022,6:00:00,14,22
17/2/2022,7:00:00,13,25
17/2/2022,8:00:00,13,26
17/2/2022,9:00:00,19,17
17/2/2022,10:00:00,22,18
17/2/2022,11:00:00,24,17
17/2/2022,12:00:00,25,12
17/2/2022,13:00:00,26,14
17/2/2022,14:00:00,26,13
17/2/2022,15:00:00,26,14
17/2/2022,16:00:00,27,12
17/2/2022,17:00:00,26,12
17/2/2022,18:00:00,25,13
17/2/2022,19:00:00,23,15
17/2/2022,20:00:00,20,20
17/2/2022,21:00:00,19,21
17/2/2022,22:00:00,18,23
17/2/2022,23:00:00,16,21
18/2/2022,0:00:00,15,24
18/2/2022,1:00:00,15,22
18/2/2022,2:00:00,16,22
18/2/2022,3:00:00,16,23
18/2/2022,4:00:00,15,22
18/2/2022,5:00:00,14,21
18/2/2022,6:00:00,14,22
18/2/2022,7:00:00,13,24
18/2/2022,8:00:00,13,24
18/2/2022,9:00:00,19,20
18/2/2022,10:00:00,22,15
18/2/2022,11:00:00,24,13
18/2/2022,12:00:00,25,15
18/2/2022,13:00:00,26,13
18/2/2022,14:00:00,26,11
18/2/2022,15:00:00,26,14
18/2/2022,16:00:00,27,10
18/2/2022,17:00:00,26,14
18/2/2022,18:00:00,25,14
18/2/2022,19:00:00,23,17
18/2/2022,20:00:00,20,20
18/2/2022,21:00:00,19,19
18/2/2022,22:00:00,18,20
18/2/2022,23:00:00,16,23
19/2/2022,0:00:00,15,21
19/2/2022,1:00:00,15,21
19/2/2022,2:00:00,16,22
19/2/2022,3:00:00,16,23
19/2/2022,4:00:00,15,21
19/2/2022,5:00:00,14,23
19/2/2022,6:00:00,14,25
19/2/2022,7:00:00,13,23
19/2/2022,8:00:00,13,23
19/2/2022,9:00:00,19,18
19/2/2022,10:00:00,22,19
19/2/2022,11:00:00,24,17
19/2/2022,12:00:00,25,16
19/2/2022,13:00:00,26,11
19/2/2022,14:00:00,26,13
19/2/2022,15:00:00,26,12
19/2/2022,16:00:00,27,12
19/2/2022,17:00:00,26,13
19/2/2022,18:00:00,25,12
19/2/2022,19:00:00,23,16
19/2/2022,20:00:00,20,18
19/2/2022,21:00:00,19,18
19/2/2022,22:00:00,18,23
19/2/2022,23:00:00,16,22
20/2/2022,0:00:00,15,22
20/2/2022,1:00:00,15,24
20/2/2022,2:00:00,16,23
20/2/2022,3:00:00,16,22
20/2/2022,4:00:00,15,20
20/2/2022,5:00:00,14,23
20/2/2022,6:00:00,14,25
20/2/2022,7:00:00,13,26
20/2/2022,8:00:00,13,26
20/2/2022,9:00:00,19,21
20/2/2022,10:00:00,22,19
20/2/2022,11:00:00,24,14
20/2/2022,12:00:00,25,14
20/2/2022,13:00:00,26,15
20/2/2022,14:00:00,26,15
20/2/2022,15:00:00,26,13
20/2/2022,16:00:00,27,13
20/2/2022,17:00:00,26,11
20/2/2022,18:00:00,25,16
20/2/2022,19:00:00,23,14
20/2/2022,20:00:00,20,20
20/2/2022,21:00:00,19,18
20/2/2022,22:00:00,18,20
20/2/2022,23:00:00,16,19
21/2/2022,0:00:00,15,23
21/2/2022,1:00:00,15,24
21/2/2022,2:00:00,16,20
21/2/2022,3:00:00,16,22
21/2/2022,4:00:00,15,21
21/2/2022,5:00:00,14,24
21/2/2022,6:00:00,14,22
21/2/2022,7:00:00,13,25
21/2/2022,8:00:00,13,22
21/2/2022,9:00:00,19,20
21/2/2022,10:00:00,22,17
21/2/2022,11:00:00,24,14
21/2/2022,12:00:00,25,14
21/2/2022,13:00:00,26,15
21/2/2022,14:00:00,26,12
21/2/2022,15:00:00,26,15
21/2/2022,16:00:00,27,11
21/2/2022,17:00:00,26,13
21/2/2022,18:00:00,25,12
21/2/2022,19:00:00,23,14
21/2/2022,20:00:00,20,21
21/2/2022,21:00:00,19,19
21/2/2022,22:00:00,18,20
21/2/2022,23:00:00,16,21
22/2/2022,0:00:00,15,21
22/2/2022,1:00:00,15,23
22/2/2022,2:00:00,16,23
22/2/2022,3:00:00,16,20
22/2/2022,4:00:00,15,24
22/2/2022,5:00:00,14,21
22/2/2022,6:00:00,14,25
22/2/2022,7:00:00,13,25
22/2/2022,8:00:00,13,25
22/2/2022,9:00:00,19,20
22/2/2022,10:00:00,22,17
22/2/2022,11:00:00,24,16
22/2/2022,12:00:00,25,15
22/2/2022,13:00:00,26,14
22/2/2022,14:00:00,26,15
22/2/2022,15:00:00,26,12
22/2/2022,16:00:00,27,13
22/2/2022,17:00:00,26,12
22/2/2022,18:00:00,25,16
22/2/2022,19:00:00,23,14
22/2/2022,20:00:00,20,21
22/2/2022,21:00:00,19,18
22/2/2022,22:00:00,18,22
22/2/2022,23:00:00,16,20
23/2/2022,0:00:00,15,24
23/2/2022,1:00:00,15,24
23/2/2022,2:00:00,16,21
23/2/2022,3:00:00,16,20
23/2/2022,4:00:00,15,23
23/2/2022,5:00:00,14,22
23/2/2022,6:00:00,14,24
23/2/2022,7:00:00,13,25
23/2/2022,8:00:00,13,22
23/2/2022,9:00:00,19,20
23/2/2022,10:00:00,22,16
23/2/2022,11:00:00,24,14
23/2/2022,12:00:00,25,15
23/2/2022,13:00:00,26,13
23/2/2022,14:00:00,26,12
23/2/2022,15:00:00,26,12
23/2/2022,16:00:00,27,13
23/2/2022,17:00:00,26,14
23/2/2022,18:00:00,25,15
23/2/2022,19:00:00,23,14
23/2/2022,20:00:00,20,18
23/2/2022,21:00:00,19,20
23/2/2022,22:00:00,18,22
23/2/2022,23:00:00,16,23
24/2/2022,0:00:00,15,24
24/2/2022,1:00:00,15,23
24/2/2022,2:00:00,16,21
24/2/2022,3:00:00,16,21
24/2/2022,4:00:00,15,23
24/2/2022,5:00:00,14,24
24/2/2022,6:00:00,14,24
24/2/2022,7:00:00,13,22
24/2/2022,8:00:00,13,23
24/2/2022,9:00:00,19,17
24/2/2022,10:00:00,22,19
24/2/2022,11:00:00,24,15
24/2/2022,12:00:00,25,14
24/2/2022,13:00:00,26,15
24/2/2022,14:00:00,26,12
24/2/2022,15:00:00,26,11
24/2/2022,16:00:00,27,13
24/2/2022,17:00:00,26,14
24/2/2022,18:00:00,25,12
24/2/2022,19:00:00,23,18
24/2/2022,20:00:00,20,17
24/2/2022,21:00:00,19,20
24/2/2022,22:00:00,18,19
24/2/2022,23:00:00,16,19
25/2/2022,0:00:00,15,24
25/2/2022,1:00:00,15,20
25/2/2022,2:00:00,16,21
25/2/2022,3:00:00,16,21
25/2/2022,4:00:00,15,23
25/2/2022,5:00:00,14,23
25/2/2022,6:00:00,14,22
25/2/2022,7:00:00,13,26
25/2/2022,8:00:00,13,25
25/2/2022,9:00:00,19,17
25/2/2022,10:00:00,22,19
25/2/2022,11:00:00,24,13
25/2/2022,12:00:00,25,13
25/2/2022,13:00:00,26,15
25/2/2022,14:00:00,26,15
25/2/2022,15:00:00,26,14
25/2/2022,16:00:00,27,11
25/2/2022,17:00:00,26,14
25/2/2022,18:00:00,25,16
25/2/2022,19:00:00,23,16
25/2/2022,20:00:00,20,21
25/2/2022,21:00:00,19,17
25/2/2022,22:00:00,18,21
25/2/2022,23:00:00,16,19
26/2/2022,0:00:00,15,20
26/2/2022,1:00:00,15,22
26/2/2022,2:00:00,16,19
26/2/2022,3:00:00,16,23
26/2/2022,4:00:00,15,22
26/2/2022,5:00:00,14,22
26/2/2022,6:00:00,14,21
26/2/2022,7:00:00,13,23
26/2/2022,8:00:00,13,23
26/2/2022,9:00:00,19,17
26/2/2022,10:00:00,22,15
26/2/2022,11:00:00,24,15
26/2/2022,12:00:00,25,15
26/2/2022,13:00:00,26,11
26/2/2022,14:00:00,26,11
26/2/2022,15:00:00,26,11
26/2/2022,16:00:00,27,10
26/2/2022,17:00:00,26,13
26/2/2022,18:00:00,25,16
26/2/2022,19:00:00,23,17
26/2/2022,20:00:00,20,17
26/2/2022,21:00:00,19,18
26/2/2022,22:00:00,18,19
26/2/2022,23:00:00,16,19
27/2/2022,0:00:00,15,24
27/2/2022,1:00:00,15,22
27/2/2022,2:00:00,16,22
27/2/2022,3:00:00,16,22
27/2/2022,4:00:00,15,22
27/2/2022,5:00:00,14,22
27/2/2022,6:00:00,14,23
27/2/2022,7:00:00,13,26
27/2/2022,8:00:00,13,25
27/2/2022,9:00:00,19,17
27/2/2022,10:00:00,22,19
27/2/2022,11:00:00,24,15
27/2/2022,12:00:00,25,12
27/2/2022,13:00:00,26,11
27/2/2022,14:00:00,26,15
27/2/2022,15:00:00,26,12
27/2/2022,16:00:00,27,11
27/2/2022,17:00:00,26,15
27/2/2022,18:00:00,25,16
27/2/2022,19:00:00,23,16
27/2/2022,20:00:00,20,18
27/2/2022,21:00:00,19,20
27/2/2022,22:00:00,18,20
27/2/2022,23:00:00,16,23
28/2/2022,0:00:00,15,21
28/2/2022,1:00:00,15,20
28/2/2022,2:00:00,16,23
28/2/2022,3:00:00,16,19
28/2/2022,4:00:00,15,23
28/2/2022,5:00:00,14,23
28/2/2022,6:00:00,14,22
28/2/2022,7:00:00,13,23
28/2/2022,8:00:00,13,22
28/2/2022,9:00:00,19,20
28/2/2022,10:00:00,22,19
28/2/2022,11:00:00,24,15
28/2/2022,12:00:00,25,15
28/2/2022,13:00:00,26,12
28/2/2022,14:00:00,26,13
28/2/2022,15:00:00,26,11
28/2/2022,16:00:00,27,14
28/2/2022,17:00:00,26,12
28/2/2022,18:00:00,25,16
28/2/2022,19:00:00,23,14
28/2/2022,20:00:00,20,20
28/2/2022,21:00:00,19,19
28/2/2022,22:00:00,18,23
28/2/2022,23:00:00,16,23
1/3/22,0:00:00,18,20
1/3/22,1:00:00,17,21
1/3/22,2:00:00,16,22
1/3/22,3:00:00,16,21
1/3/22,4:00:00,14,25
1/3/22,5:00:00,14,26
1/3/22,6:00:00,15,25
1/3/22,7:00:00,14,23
1/3/22,8:00:00,16,24
1/3/22,9:00:00,20,18
1/3/22,10:00:00,22,18
1/3/22,11:00:00,24,14
1/3/22,12:00:00,25,13
1/3/22,13:00:00,26,14
1/3/22,14:00:00,27,10
1/3/22,15:00:00,28,11
1/3/22,16:00:00,28,11
1/3/22,17:00:00,28,12
1/3/22,18:00:00,26,11
1/3/22,19:00:00,25,15
1/3/22,20:00:00,24,16
1/3/22,21:00:00,21,16
1/3/22,22:00:00,21,17
1/3/22,23:00:00,20,18
2/3/22,0:00:00,18,21
2/3/22,1:00:00,17,24
2/3/22,2:00:00,16,23
2/3/22,3:00:00,16,25
2/3/22,4:00:00,14,26
2/3/22,5:00:00,14,26
2/3/22,6:00:00,15,26
2/3/22,7:00:00,14,24
2/3/22,8:00:00,16,25
2/3/22,9:00:00,20,19
2/3/22,10:00:00,22,17
2/3/22,11:00:00,24,16
2/3/22,12:00:00,25,13
2/3/22,13:00:00,26,13
2/3/22,14:00:00,27,14
2/3/22,15:00:00,28,13
2/3/22,16:00:00,28,10
2/3/22,17:00:00,28,13
2/3/22,18:00:00,26,14
2/3/22,19:00:00,25,12
2/3/22,20:00:00,24,16
2/3/22,21:00:00,21,17
2/3/22,22:00:00,21,17
2/3/22,23:00:00,20,17
3/3/22,0:00:00,18,23
3/3/22,1:00:00,17,22
3/3/22,2:00:00,16,24
3/3/22,3:00:00,16,22
3/3/22,4:00:00,14,25
3/3/22,5:00:00,14,24
3/3/22,6:00:00,15,24
3/3/22,7:00:00,14,23
3/3/22,8:00:00,16,22
3/3/22,9:00:00,20,21
3/3/22,10:00:00,22,18
3/3/22,11:00:00,24,13
3/3/22,12:00:00,25,13
3/3/22,13:00:00,26,11
3/3/22,14:00:00,27,10
3/3/22,15:00:00,28,13
3/3/22,16:00:00,28,11
3/3/22,17:00:00,28,10
3/3/22,18:00:00,26,13
3/3/22,19:00:00,25,16
3/3/22,20:00:00,24,13
3/3/22,21:00:00,21,20
3/3/22,22:00:00,21,17
3/3/22,23:00:00,20,17
4/3/22,0:00:00,18,22
4/3/22,1:00:00,17,24
4/3/22,2:00:00,16,25
4/3/22,3:00:00,16,23
4/3/22,4:00:00,14,27
4/3/22,5:00:00,14,24
4/3/22,6:00:00,15,26
4/3/22,7:00:00,14,23
4/3/22,8:00:00,16,21
4/3/22,9:00:00,20,19
4/3/22,10:00:00,22,17
4/3/22,11:00:00,24,15
4/3/22,12:00:00,25,12
4/3/22,13:00:00,26,12
4/3/22,14:00:00,27,10
4/3/22,15:00:00,28,9
4/3/22,16:00:00,28,9
4/3/22,17:00:00,28,10
4/3/22,18:00:00,26,15
4/3/22,19:00:00,25,12
4/3/22,20:00:00,24,15
4/3/22,21:00:00,21,19
4/3/22,22:00:00,21,16
4/3/22,23:00:00,20,18
5/3/22,0:00:00,18,23
5/3/22,1:00:00,17,22
5/3/22,2:00:00,16,22
5/3/22,3:00:00,16,22
5/3/22,4:00:00,14,26
5/3/22,5:00:00,14,23
5/3/22,6:00:00,15,24
5/3/22,7:00:00,14,23
5/3/22,8:00:00,16,22
5/3/22,9:00:00,20,18
5/3/22,10:00:00,22,17
5/3/22,11:00:00,24,17
5/3/22,12:00:00,25,12
5/3/22,13:00:00,26,11
5/3/22,14:00:00,27,12
5/3/22,15:00:00,28,12
5/3/22,16:00:00,28,11
5/3/22,17:00:00,28,12
5/3/22,18:00:00,26,12
5/3/22,19:00:00,25,13
5/3/22,20:00:00,24,17
5/3/22,21:00:00,21,19
5/3/22,22:00:00,21,16
5/3/22,23:00:00,20,21
6/3/22,0:00:00,18,19
6/3/22,1:00:00,17,22
6/3/22,2:00:00,16,25
6/3/22,3:00:00,16,23
6/3/22,4:00:00,14,26
6/3/22,5:00:00,14,23
6/3/22,6:00:00,15,25
6/3/22,7:00:00,14,27
6/3/22,8:00:00,16,21
6/3/22,9:00:00,20,18
6/3/22,10:00:00,22,16
6/3/22,11:00:00,24,13
6/3/22,12:00:00,25,16
6/3/22,13:00:00,26,12
6/3/22,14:00:00,27,11
6/3/22,15:00:00,28,10
6/3/22,16:00:00,28,13
6/3/22,17:00:00,28,9
6/3/22,18:00:00,26,13
6/3/22,19:00:00,25,15
6/3/22,20:00:00,24,16
6/3/22,21:00:00,21,17
6/3/22,22:00:00,21,19
6/3/22,23:00:00,20,21
7/3/22,0:00:00,18,22
7/3/22,1:00:00,17,23
7/3/22,2:00:00,16,25
7/3/22,3:00:00,16,23
7/3/22,4:00:00,14,26
7/3/22,5:00:00,14,23
7/3/22,6:00:00,15,26
7/3/22,7:00:00,14,25
7/3/22,8:00:00,16,23
7/3/22,9:00:00,20,19
7/3/22,10:00:00,22,17
7/3/22,11:00:00,24,15
7/3/22,12:00:00,25,16
7/3/22,13:00:00,26,14
7/3/22,14:00:00,27,10
7/3/22,15:00:00,28,13
7/3/22,16:00:00,28,9
7/3/22,17:00:00,28,10
7/3/22,18:00:00,26,11
7/3/22,19:00:00,25,15
7/3/22,20:00:00,24,15
7/3/22,21:00:00,21,16
7/3/22,22:00:00,21,16
7/3/22,23:00:00,20,19
8/3/22,0:00:00,18,22
8/3/22,1:00:00,17,23
8/3/22,2:00:00,16,25
8/3/22,3:00:00,16,25
8/3/22,4:00:00,14,26
8/3/22,5:00:00,14,23
8/3/22,6:00:00,15,23
8/3/22,7:00:00,14,23
8/3/22,8:00:00,16,23
8/3/22,9:00:00,20,19
8/3/22,10:00:00,22,18
8/3/22,11:00:00,24,17
8/3/22,12:00:00,25,13
8/3/22,13:00:00,26,15
8/3/22,14:00:00,27,14
8/3/22,15:00:00,28,11
8/3/22,16:00:00,28,12
8/3/22,17:00:00,28,9
8/3/22,18:00:00,26,15
8/3/22,19:00:00,25,14
8/3/22,20:00:00,24,15
8/3/22,21:00:00,21,20
8/3/22,22:00:00,21,18
8/3/22,23:00:00,20,21
9/3/22,0:00:00,18,20
9/3/22,1:00:00,17,22
9/3/22,2:00:00,16,21
9/3/22,3:00:00,16,25
9/3/22,4:00:00,14,25
9/3/22,5:00:00,14,24
9/3/22,6:00:00,15,24
9/3/22,7:00:00,14,27
9/3/22,8:00:00,16,22
9/3/22,9:00:00,20,21
9/3/22,10:00:00,22,19
9/3/22,11:00:00,24,16
9/3/22,12:00:00,25,12
9/3/22,13:00:00,26,14
9/3/22,14:00:00,27,11
9/3/22,15:00:00,28,12
9/3/22,16:00:00,28,11
9/3/22,17:00:00,28,9
9/3/22,18:00:00,26,14
9/3/22,19:00:00,25,14
9/3/22,20:00:00,24,15
9/3/22,21:00:00,21,17
9/3/22,22:00:00,21,17
9/3/22,23:00:00,20,18
10/3/22,0:00:00,18,22
10/3/22,1:00:00,17,24
10/3/22,2:00:00,16,24
10/3/22,3:00:00,16,23
10/3/22,4:00:00,14,25
10/3/22,5:00:00,14,24
10/3/22,6:00:00,15,23
10/3/22,7:00:00,14,24
10/3/22,8:00:00,16,23
10/3/22,9:00:00,20,20
10/3/22,10:00:00,22,18
10/3/22,11:00:00,24,13
10/3/22,12:00:00,25,12
10/3/22,13:00:00,26,15
10/3/22,14:00:00,27,10
10/3/22,15:00:00,28,11
10/3/22,16:00:00,28,9
10/3/22,17:00:00,28,10
10/3/22,18:00:00,26,14
10/3/22,19:00:00,25,13
10/3/22,20:00:00,24,16
10/3/22,21:00:00,21,16
10/3/22,22:00:00,21,20
10/3/22,23:00:00,20,18
11/3/22,0:00:00,18,21
11/3/22,1:00:00,17,23
11/3/22,2:00:00,16,25
11/3/22,3:00:00,16,22
11/3/22,4:00:00,14,24
11/3/22,5:00:00,14,25
11/3/22,6:00:00,15,22
11/3/22,7:00:00,14,24
11/3/22,8:00:00,16,23
11/3/22,9:00:00,20,18
11/3/22,10:00:00,22,18
11/3/22,11:00:00,24,17
11/3/22,12:00:00,25,12
11/3/22,13:00:00,26,13
11/3/22,14:00:00,27,12
11/3/22,15:00:00,28,10
11/3/22,16:00:00,28,11
11/3/22,17:00:00,28,11
11/3/22,18:00:00,26,13
11/3/22,19:00:00,25,16
11/3/22,20:00:00,24,15
11/3/22,21:00:00,21,16
11/3/22,22:00:00,21,18
11/3/22,23:00:00,20,20
12/3/22,0:00:00,18,22
12/3/22,1:00:00,17,24
12/3/22,2:00:00,16,24
12/3/22,3:00:00,16,23
12/3/22,4:00:00,14,24
12/3/22,5:00:00,14,23
12/3/22,6:00:00,15,24
12/3/22,7:00:00,14,23
12/3/22,8:00:00,16,23
12/3/22,9:00:00,20,19
12/3/22,10:00:00,22,19
12/3/22,11:00:00,24,17
12/3/22,12:00:00,25,16
12/3/22,13:00:00,26,15
12/3/22,14:00:00,27,11
12/3/22,15:00:00,28,9
12/3/22,16:00:00,28,10
12/3/22,17:00:00,28,10
12/3/22,18:00:00,26,13
12/3/22,19:00:00,25,15
12/3/22,20:00:00,24,13
12/3/22,21:00:00,21,20
12/3/22,22:00:00,21,17
12/3/22,23:00:00,20,21
13/3/2022,0:00:00,18,20
13/3/2022,1:00:00,17,21
13/3/2022,2:00:00,16,24
13/3/2022,3:00:00,16,22
13/3/2022,4:00:00,14,27
13/3/2022,5:00:00,14,23
13/3/2022,6:00:00,15,25
13/3/2022,7:00:00,14,24
13/3/2022,8:00:00,16,25
13/3/2022,9:00:00,20,17
13/3/2022,10:00:00,22,15
13/3/2022,11:00:00,24,14
13/3/2022,12:00:00,25,14
13/3/2022,13:00:00,26,13
13/3/2022,14:00:00,27,13
13/3/2022,15:00:00,28,9
13/3/2022,16:00:00,28,13
13/3/2022,17:00:00,28,13
13/3/2022,18:00:00,26,11
13/3/2022,19:00:00,25,15
13/3/2022,20:00:00,24,17
13/3/2022,21:00:00,21,17
13/3/2022,22:00:00,21,16
13/3/2022,23:00:00,20,20
14/3/2022,0:00:00,18,21
14/3/2022,1:00:00,17,22
14/3/2022,2:00:00,16,22
14/3/2022,3:00:00,16,24
14/3/2022,4:00:00,14,27
14/3/2022,5:00:00,14,25
14/3/2022,6:00:00,15,23
14/3/2022,7:00:00,14,23
14/3/2022,8:00:00,16,22
14/3/2022,9:00:00,20,17
14/3/2022,10:00:00,22,18
14/3/2022,11:00:00,24,15
14/3/2022,12:00:00,25,15
14/3/2022,13:00:00,26,15
14/3/2022,14:00:00,27,12
14/3/2022,15:00:00,28,13
14/3/2022,16:00:00,28,9
14/3/2022,17:00:00,28,12
14/3/2022,18:00:00,26,14
14/3/2022,19:00:00,25,13
14/3/2022,20:00:00,24,13
14/3/2022,21:00:00,21,19
14/3/2022,22:00:00,21,20
14/3/2022,23:00:00,20,19
15/3/2022,0:00:00,18,23
15/3/2022,1:00:00,17,20
15/3/2022,2:00:00,16,25
15/3/2022,3:00:00,16,23
15/3/2022,4:00:00,14,23
15/3/2022,5:00:00,14,25
15/3/2022,6:00:00,15,26
15/3/2022,7:00:00,14,23
15/3/2022,8:00:00,16,24
15/3/2022,9:00:00,20,19
15/3/2022,10:00:00,22,19
15/3/2022,11:00:00,24,13
15/3/2022,12:00:00,25,16
15/3/2022,13:00:00,26,12
15/3/2022,14:00:00,27,11
15/3/2022,15:00:00,28,12
15/3/2022,16:00:00,28,9
15/3/2022,17:00:00,28,11
15/3/2022,18:00:00,26,14
15/3/2022,19:00:00,25,15
15/3/2022,20:00:00,24,17
15/3/2022,21:00:00,21,19
15/3/2022,22:00:00,21,19
15/3/2022,23:00:00,20,20
16/3/2022,0:00:00,18,23
16/3/2022,1:00:00,17,21
16/3/2022,2:00:00,16,25
16/3/2022,3:00:00,16,25
16/3/2022,4:00:00,14,23
16/3/2022,5:00:00,14,25
16/3/2022,6:00:00,15,23
16/3/2022,7:00:00,14,27
16/3/2022,8:00:00,16,21
16/3/2022,9:00:00,20,17
16/3/2022,10:00:00,22,18
16/3/2022,11:00:00,24,13
16/3/2022,12:00:00,25,14
16/3/2022,13:00:00,26,14
16/3/2022,14:00:00,27,13
16/3/2022,15:00:00,28,10
16/3/2022,16:00:00,28,11
16/3/2022,17:00:00,28,12
16/3/2022,18:00:00,26,12
16/3/2022,19:00:00,25,15
16/3/2022,20:00:00,24,14
16/3/2022,21:00:00,21,18
16/3/2022,22:00:00,21,20
16/3/2022,23:00:00,20,17
17/3/2022,0:00:00,18,19
17/3/2022,1:00:00,17,23
17/3/2022,2:00:00,16,23
17/3/2022,3:00:00,16,22
17/3/2022,4:00:00,14,27
17/3/2022,5:00:00,14,24
17/3/2022,6:00:00,15,25
17/3/2022,7:00:00,14,25
17/3/2022,8:00:00,16,24
17/3/2022,9:00:00,20,21
17/3/2022,10:00:00,22,16
17/3/2022,11:00:00,24,16
17/3/2022,12:00:00,25,14
17/3/2022,13:00:00,26,14
17/3/2022,14:00:00,27,10
17/3/2022,15:00:00,28,13
17/3/2022,16:00:00,28,13
17/3/2022,17:00:00,28,12
17/3/2022,18:00:00,26,14
17/3/2022,19:00:00,25,14
17/3/2022,20:00:00,24,17
17/3/2022,21:00:00,21,18
17/3/2022,22:00:00,21,20
17/3/2022,23:00:00,20,19
18/3/2022,0:00:00,18,20
18/3/2022,1:00:00,17,23
18/3/2022,2:00:00,16,24
18/3/2022,3:00:00,16,25
18/3/2022,4:00:00,14,23
18/3/2022,5:00:00,14,27
18/3/2022,6:00:00,15,24
18/3/2022,7:00:00,14,27
18/3/2022,8:00:00,16,22
18/3/2022,9:00:00,20,20
18/3/2022,10:00:00,22,15
18/3/2022,11:00:00,24,16
18/3/2022,12:00:00,25,15
18/3/2022,13:00:00,26,12
18/3/2022,14:00:00,27,12
18/3/2022,15:00:00,28,11
18/3/2022,16:00:00,28,12
18/3/2022,17:00:00,28,9
18/3/2022,18:00:00,26,12
18/3/2022,19:00:00,25,12
18/3/2022,20:00:00,24,17
18/3/2022,21:00:00,21,19
18/3/2022,22:00:00,21,16
18/3/2022,23:00:00,20,20
19/3/2022,0:00:00,18,23
19/3/2022,1:00:00,17,24
19/3/2022,2:00:00,16,21
19/3/2022,3:00:00,16,22
19/3/2022,4:00:00,14,24
19/3/2022,5:00:00,14,23
19/3/2022,6:00:00,15,24
19/3/2022,7:00:00,14,23
19/3/2022,8:00:00,16,25
19/3/2022,9:00:00,20,17
19/3/2022,10:00:00,22,16
19/3/2022,11:00:00,24,17
19/3/2022,12:00:00,25,14
19/3/2022,13:00:00,26,15
19/3/2022,14:00:00,27,10
19/3/2022,15:00:00,28,10
19/3/2022,16:00:00,28,11
19/3/2022,17:00:00,28,10
19/3/2022,18:00:00,26,11
19/3/2022,19:00:00,25,16
19/3/2022,20:00:00,24,14
19/3/2022,21:00:00,21,16
19/3/2022,22:00:00,21,16
19/3/2022,23:00:00,20,17
20/3/2022,0:00:00,18,19
20/3/2022,1:00:00,17,24
20/3/2022,2:00:00,16,25
20/3/2022,3:00:00,16,24
20/3/2022,4:00:00,14,27
20/3/2022,5:00:00,14,27
20/3/2022,6:00:00,15,26
20/3/2022,7:00:00,14,27
20/3/2022,8:00:00,16,24
20/3/2022,9:00:00,20,17
20/3/2022,10:00:00,22,17
20/3/2022,11:00:00,24,15
20/3/2022,12:00:00,25,14
20/3/2022,13:00:00,26,13
20/3/2022,14:00:00,27,14
20/3/2022,15:00:00,28,11
20/3/2022,16:00:00,28,13
20/3/2022,17:00:00,28,13
20/3/2022,18:00:00,26,14
20/3/2022,19:00:00,25,14
20/3/2022,20:00:00,24,13
20/3/2022,21:00:00,21,16
20/3/2022,22:00:00,21,17
20/3/2022,23:00:00,20,18
21/3/2022,0:00:00,18,21
21/3/2022,1:00:00,17,20
21/3/2022,2:00:00,16,24
21/3/2022,3:00:00,16,22
21/3/2022,4:00:00,14,24
21/3/2022,5:00:00,14,27
21/3/2022,6:00:00,15,24
21/3/2022,7:00:00,14,26
21/3/2022,8:00:00,16,21
21/3/2022,9:00:00,20,19
21/3/2022,10:00:00,22,17
21/3/2022,11:00:00,24,13
21/3/2022,12:00:00,25,13
21/3/2022,13:00:00,26,12
21/3/2022,14:00:00,27,14
21/3/2022,15:00:00,28,9
21/3/2022,16:00:00,28,9
21/3/2022,17:00:00,28,12
21/3/2022,18:00:00,26,15
21/3/2022,19:00:00,25,14
21/3/2022,20:00:00,24,16
21/3/2022,21:00:00,21,18
21/3/2022,22:00:00,21,17
21/3/2022,23:00:00,20,20
22/3/2022,0:00:00,18,22
22/3/2022,1:00:00,17,21
22/3/2022,2:00:00,16,22
22/3/2022,3:00:00,16,22
22/3/2022,4:00:00,14,26
22/3/2022,5:00:00,14,24
22/3/2022,6:00:00,15,23
22/3/2022,7:00:00,14,25
22/3/2022,8:00:00,16,22
22/3/2022,9:00:00,20,21
22/3/2022,10:00:00,22,17
22/3/2022,11:00:00,24,17
22/3/2022,12:00:00,25,14
22/3/2022,13:00:00,26,11
22/3/2022,14:00:00,27,12
22/3/2022,15:00:00,28,9
22/3/2022,16:00:00,28,9
22/3/2022,17:00:00,28,11
22/3/2022,18:00:00,26,12
22/3/2022,19:00:00,25,14
22/3/2022,20:00:00,24,16
22/3/2022,21:00:00,21,18
22/3/2022,22:00:00,21,18
22/3/2022,23:00:00,20,18
23/3/2022,0:00:00,18,19
23/3/2022,1:00:00,17,21
23/3/2022,2:00:00,16,25
23/3/2022,3:00:00,16,25
23/3/2022,4:00:00,14,25
23/3/2022,5:00:00,14,27
23/3/2022,6:00:00,15,22
23/3/2022,7:00:00,14,24
23/3/2022,8:00:00,16,21
23/3/2022,9:00:00,20,18
23/3/2022,10:00:00,22,17
23/3/2022,11:00:00,24,17
23/3/2022,12:00:00,25,14
23/3/2022,13:00:00,26,14
23/3/2022,14:00:00,27,10
23/3/2022,15:00:00,28,13
23/3/2022,16:00:00,28,11
23/3/2022,17:00:00,28,12
23/3/2022,18:00:00,26,14
23/3/2022,19:00:00,25,16
23/3/2022,20:00:00,24,16
23/3/2022,21:00:00,21,18
23/3/2022,22:00:00,21,20
23/3/2022,23:00:00,20,18
24/3/2022,0:00:00,18,21
24/3/2022,1:00:00,17,21
24/3/2022,2:00:00,16,21
24/3/2022,3:00:00,16,23
24/3/2022,4:00:00,14,24
24/3/2022,5:00:00,14,23
24/3/2022,6:00:00,15,25
24/3/2022,7:00:00,14,25
24/3/2022,8:00:00,16,25
24/3/2022,9:00:00,20,21
24/3/2022,10:00:00,22,17
24/3/2022,11:00:00,24,15
24/3/2022,12:00:00,25,16
24/3/2022,13:00:00,26,13
24/3/2022,14:00:00,27,10
24/3/2022,15:00:00,28,10
24/3/2022,16:00:00,28,13
24/3/2022,17:00:00,28,13
24/3/2022,18:00:00,26,11
24/3/2022,19:00:00,25,12
24/3/2022,20:00:00,24,17
24/3/2022,21:00:00,21,18
24/3/2022,22:00:00,21,16
24/3/2022,23:00:00,20,17
25/3/2022,0:00:00,18,23
25/3/2022,1:00:00,17,20
25/3/2022,2:00:00,16,24
25/3/2022,3:00:00,16,23
25/3/2022,4:00:00,14,26
25/3/2022,5:00:00,14,25
25/3/2022,6:00:00,15,26
25/3/2022,7:00:00,14,26
25/3/2022,8:00:00,16,23
25/3/2022,9:00:00,20,17
25/3/2022,10:00:00,22,18
25/3/2022,11:00:00,24,15
25/3/2022,12:00:00,25,14
25/3/2022,13:00:00,26,12
25/3/2022,14:00:00,27,12
25/3/2022,15:00:00,28,11
25/3/2022,16:00:00,28,11
25/3/2022,17:00:00,28,12
25/3/2022,18:00:00,26,11
25/3/2022,19:00:00,25,12
25/3/2022,20:00:00,24,13
25/3/2022,21:00:00,21,17
25/3/2022,22:00:00,21,17
25/3/2022,23:00:00,20,21
26/3/2022,0:00:00,18,19
26/3/2022,1:00:00,17,22
26/3/2022,2:00:00,16,23
26/3/2022,3:00:00,16,21
26/3/2022,4:00:00,14,25
26/3/2022,5:00:00,14,27
26/3/2022,6:00:00,15,22
26/3/2022,7:00:00,14,23
26/3/2022,8:00:00,16,22
26/3/2022,9:00:00,20,20
26/3/2022,10:00:00,22,16
26/3/2022,11:00:00,24,15
26/3/2022,12:00:00,25,13
26/3/2022,13:00:00,26,11
26/3/2022,14:00:00,27,14
26/3/2022,15:00:00,28,11
26/3/2022,16:00:00,28,13
26/3/2022,17:00:00,28,12
26/3/2022,18:00:00,26,14
26/3/2022,19:00:00,25,15
26/3/2022,20:00:00,24,14
26/3/2022,21:00:00,21,18
26/3/2022,22:00:00,21,20
26/3/2022,23:00:00,20,18
27/3/2022,0:00:00,18,19
27/3/2022,1:00:00,17,22
27/3/2022,2:00:00,16,24
27/3/2022,3:00:00,16,25
27/3/2022,4:00:00,14,27
27/3/2022,5:00:00,14,27
27/3/2022,6:00:00,15,23
27/3/2022,7:00:00,14,25
27/3/2022,8:00:00,16,23
27/3/2022,9:00:00,20,17
27/3/2022,10:00:00,22,16
27/3/2022,11:00:00,24,14
27/3/2022,12:00:00,25,12
27/3/2022,13:00:00,26,15
27/3/2022,14:00:00,27,11
27/3/2022,15:00:00,28,13
27/3/2022,16:00:00,28,11
27/3/2022,17:00:00,28,9
27/3/2022,18:00:00,26,11
27/3/2022,19:00:00,25,13
27/3/2022,20:00:00,24,17
27/3/2022,21:00:00,21,17
27/3/2022,22:00:00,21,17
27/3/2022,23:00:00,20,17
28/3/2022,0:00:00,18,20
28/3/2022,1:00:00,17,24
28/3/2022,2:00:00,16,23
28/3/2022,3:00:00,16,23
28/3/2022,4:00:00,14,27
28/3/2022,5:00:00,14,26
28/3/2022,6:00:00,15,24
28/3/2022,7:00:00,14,23
28/3/2022,8:00:00,16,25
28/3/2022,9:00:00,20,21
28/3/2022,10:00:00,22,15
28/3/2022,11:00:00,24,15
28/3/2022,12:00:00,25,15
28/3/2022,13:00:00,26,14
28/3/2022,14:00:00,27,11
28/3/2022,15:00:00,28,10
28/3/2022,16:00:00,28,12
28/3/2022,17:00:00,28,11
28/3/2022,18:00:00,26,14
28/3/2022,19:00:00,25,15
28/3/2022,20:00:00,24,16
28/3/2022,21:00:00,21,20
28/3/2022,22:00:00,21,17
28/3/2022,23:00:00,20,20
29/3/2022,0:00:00,18,19
29/3/2022,1:00:00,17,21
29/3/2022,2:00:00,16,22
29/3/2022,3:00:00,16,21
29/3/2022,4:00:00,14,27
29/3/2022,5:00:00,14,23
29/3/2022,6:00:00,15,25
29/3/2022,7:00:00,14,23
29/3/2022,8:00:00,16,25
29/3/2022,9:00:00,20,18
29/3/2022,10:00:00,22,19
29/3/2022,11:00:00,24,13
29/3/2022,12:00:00,25,13
29/3/2022,13:00:00,26,13
29/3/2022,14:00:00,27,13
29/3/2022,15:00:00,28,12
29/3/2022,16:00:00,28,9
29/3/2022,17:00:00,28,10
29/3/2022,18:00:00,26,11
29/3/2022,19:00:00,25,14
29/3/2022,20:00:00,24,16
29/3/2022,21:00:00,21,16
29/3/2022,22:00:00,21,18
29/3/2022,23:00:00,20,17
30/3/2022,0:00:00,18,20
30/3/2022,1:00:00,17,20
30/3/2022,2:00:00,16,24
30/3/2022,3:00:00,16,23
30/3/2022,4:00:00,14,27
30/3/2022,5:00:00,14,23
30/3/2022,6:00:00,15,23
30/3/2022,7:00:00,14,27
30/3/2022,8:00:00,16,23
30/3/2022,9:00:00,20,21
30/3/2022,10:00:00,22,16
30/3/2022,11:00:00,24,17
30/3/2022,12:00:00,25,13
30/3/2022,13:00:00,26,12
30/3/2022,14:00:00,27,10
30/3/2022,15:00:00,28,10
30/3/2022,16:00:00,28,9
30/3/2022,17:00:00,28,11
30/3/2022,18:00:00,26,12
30/3/2022,19:00:00,25,12
30/3/2022,20:00:00,24,13
30/3/2022,21:00:00,21,20
30/3/2022,22:00:00,21,18
30/3/2022,23:00:00,20,20
31/3/2022,0:00:00,18,19
31/3/2022,1:00:00,17,23
31/3/2022,2:00:00,16,22
31/3/2022,3:00:00,16,22
31/3/2022,4:00:00,14,26
31/3/2022,5:00:00,14,26
31/3/2022,6:00:00,15,23
31/3/2022,7:00:00,14,23
31/3/2022,8:00:00,16,23
31/3/2022,9:00:00,20,18
31/3/2022,10:00:00,22,19
31/3/2022,11:00:00,24,13
31/3/2022,12:00:00,25,14
31/3/2022,13:00:00,26,12
31/3/2022,14:00:00,27,12
31/3/2022,15:00:00,28,10
31/3/2022,16:00:00,28,11
31/3/2022,17:00:00,28,13
31/3/2022,18:00:00,26,14
31/3/2022,19:00:00,25,14
31/3/2022,20:00:00,24,14
31/3/2022,21:00:00,21,18
31/3/2022,22:00:00,21,19
31/3/2022,23:00:00,20,20
31/3/2022,23:00:00,20,20
31/3/2022,23:00:00,20,21
